hps,result
1,745.699872
2,1491.39974
100,74569.9872
1000000,745699872
0,0